ops,time_s,benchmark,accesses,bytes,n,rows,samples
2000000000.0,0.0,int,,,,,
2000000000.0,0.0,flt,,,,,
,0.0,lat,131072.0,,,,
,0.0,bw,,104857600.0,,,
,0.095892,sort,,,1000000.0,,
,0.546146,sort,,,5000000.0,,
,1.134756,sort,,,10000000.0,,
,0.130811,sql,,,,100000.0,
,0.295693,ml,,,,,100000.0
