ops=2000000000 time=0.000000,benchmark,accesses=131072 time=0.000000,bytes=104857600 time=0.000000,n,time_s,rows,samples
,sort,,,1000000.0,0.094637,,
,sort,,,5000000.0,0.521555,,
,sort,,,10000000.0,1.112769,,
,sql,,,,0.129572,100000.0,
,ml,,,,0.283219,,100000.0
