ops=2000000000 time=0.000000,benchmark,accesses=131072 time=0.000000,bytes=104857600 time=0.000000,n,time_s,rows,samples
,sort,,,1000000.0,0.089995,,
,sort,,,5000000.0,0.52653,,
,sort,,,10000000.0,1.1239,,
,sql,,,,0.133681,100000.0,
,ml,,,,0.161381,,100000.0
