ops,time_s
200000000,0.697678
1000000000,3.498829
2000000000,6.974408
4000000000,13.965458
