ops,time_s
200000000,0.690312
1000000000,3.473434
2000000000,7.026368
4000000000,13.983402
