ops,time_s
200000000,0.724064
1000000000,3.474950
2000000000,6.977927
4000000000,13.892982
