ops,time_s
200000000,0.702811
1000000000,3.507859
2000000000,6.969678
4000000000,13.912795
