ops,time_s
200000000,0.692075
1000000000,3.485957
2000000000,7.021605
4000000000,13.968507
