ops,time_s
200000000,0.712184
1000000000,3.481005
2000000000,7.013475
4000000000,13.924105
