ops,time_s
200000000,0.697171
1000000000,3.506167
2000000000,6.961838
4000000000,14.038549
