ops,time_s
200000000,0.707342
1000000000,3.495027
2000000000,6.984083
4000000000,13.956566
