ops,time_s
200000000,0.695362
1000000000,3.511891
2000000000,6.888017
4000000000,13.907222
