ops,time_s
200000000,0.701818
1000000000,3.467629
2000000000,6.977180
4000000000,13.950917
