ops,time_s
200000000,0.519713
1000000000,2.598968
2000000000,5.194652
4000000000,10.396743
