ops,time_s
200000000,0.068317
1000000000,0.342865
2000000000,0.687092
4000000000,1.393927
