ops,time_s
200000000,0.093279
1000000000,0.455989
2000000000,0.915243
4000000000,1.827774
