ops,time_s
200000000,0.090978
1000000000,0.472100
2000000000,0.899205
4000000000,1.767107
