ops,time_s
200000000,0.095274
1000000000,0.484662
2000000000,0.937190
4000000000,1.850240
