ops,time_s
200000000,0.097810
1000000000,0.484654
2000000000,0.913053
4000000000,1.787008
