ops,time_s
200000000,0.087627
1000000000,0.475052
2000000000,0.901759
4000000000,1.779771
