ops,time_s
200000000,0.092773
1000000000,0.452016
2000000000,0.924134
4000000000,1.853654
