ops,time_s
200000000,0.091259
1000000000,0.496018
2000000000,0.960644
4000000000,1.835093
