ops,time_s
200000000,0.096521
1000000000,0.482245
2000000000,0.911911
4000000000,1.817309
