ops,time_s
200000000,0.100491
1000000000,0.479034
2000000000,0.935766
4000000000,1.905526
