samples,time_s
10000,0.007066
50000,0.069476
100000,0.154505
200000,0.596865
