samples,time_s
10000,0.010848
50000,0.071443
100000,0.166275
200000,0.576702
