samples,time_s
10000,0.009707
50000,0.090580
100000,0.259736
200000,0.560447
