samples,time_s
10000,0.005730
50000,0.038641
100000,0.090925
200000,0.227053
