samples,time_s
10000,0.009113
50000,0.121069
100000,0.265379
200000,0.553050
