samples,time_s
10000,0.010664
50000,0.066200
100000,0.253916
200000,0.623618
