samples,time_s
10000,0.011976
50000,0.122700
100000,0.253608
200000,0.534271
