samples,time_s
10000,0.007763
50000,0.063006
100000,0.205622
200000,0.629704
