samples,time_s
10000,0.009881
50000,0.078417
100000,0.224278
200000,0.529744
