samples,time_s
10000,0.009621
50000,0.118577
100000,0.136672
200000,0.502800
