rows,time_s
10000,0.010398
50000,0.051876
100000,0.116565
200000,0.250793
