rows,time_s
10000,0.010412
50000,0.061558
100000,0.123618
200000,0.252555
