rows,time_s
10000,0.011246
50000,0.056292
100000,0.122757
200000,0.235837
