rows,time_s
10000,0.013416
50000,0.066457
100000,0.119014
200000,0.246270
