rows,time_s
10000,0.011681
50000,0.057459
100000,0.130535
200000,0.224747
