rows,time_s
10000,0.010922
50000,0.058507
100000,0.135389
200000,0.257913
