rows,time_s
10000,0.007451
50000,0.038061
100000,0.078253
200000,0.159480
