rows,time_s
10000,0.010922
50000,0.059149
100000,0.122034
200000,0.261756
