rows,time_s
10000,0.010612
50000,0.061148
100000,0.117525
200000,0.246660
