rows,time_s
10000,0.010550
50000,0.048902
100000,0.125465
200000,0.227640
