rows,time_s
10000,0.009867
50000,0.051766
100000,0.109947
200000,0.226779
