threads,ops,time_s
1,400000000,0.075279
2,800000000,0.035695
3,1200000000,0.033805
4,1600000000,0.028711
5,2000000000,0.023685
6,2400000000,0.020108
7,2800000000,0.018339
8,3200000000,0.025280
