threads,ops,time_s
1,400000000,0.060700
2,800000000,0.032713
3,1200000000,0.033831
4,1600000000,0.027416
5,2000000000,0.019857
6,2400000000,0.021420
7,2800000000,0.018562
8,3200000000,0.015545
