threads,ops,time_s
1,400000000,0.061983
2,800000000,0.033256
3,1200000000,0.026708
4,1600000000,0.029240
5,2000000000,0.021251
6,2400000000,0.019600
7,2800000000,0.017276
8,3200000000,0.015192
