threads,ops,time_s
1,400000000,0.063813
2,800000000,0.032433
3,1200000000,0.032791
4,1600000000,0.025236
5,2000000000,0.023604
6,2400000000,0.019509
7,2800000000,0.017911
8,3200000000,0.015973
