threads,ops,time_s
1,400000000,0.061282
2,800000000,0.039783
3,1200000000,0.028976
4,1600000000,0.067254
5,2000000000,0.026439
6,2400000000,0.018981
7,2800000000,0.018169
8,3200000000,0.016037
