threads,ops,time_s
1,400000000,0.064013
2,800000000,0.032765
3,1200000000,0.022035
4,1600000000,0.016543
5,2000000000,0.013282
6,2400000000,0.011092
7,2800000000,0.009523
8,3200000000,0.011024
9,3600000000,0.011217
10,4000000000,0.012934
