threads,ops,time_s
1,400000000,0.059955
2,800000000,0.031734
3,1200000000,0.022750
4,1600000000,0.029906
5,2000000000,0.023353
6,2400000000,0.020247
7,2800000000,0.017619
8,3200000000,0.019635
